Feature,Mean,Std_Dev,Min,Q25,Median,Q75,Max,Skewness,Kurtosis
Age,42.24,12.55,18.0,33.0,42.0,51.0,80.0,0.136,-0.339
TenureMonths,31.57,18.38,0.0,16.0,31.0,46.0,71.0,0.153,-1.009
MonthlyUsageGB,209.74,156.14,5.0,96.15,156.15,336.9,805.2,0.702,-0.475
SupportTicketsLastYear,1.35,1.35,0.0,0.0,1.0,2.0,9.0,1.201,1.669
PaymentDelaysCount,0.66,0.96,0.0,0.0,0.0,1.0,8.0,1.779,3.961
CustomerSatisfactionScore,4.22,0.79,1.0,4.0,4.0,5.0,5.0,-0.825,0.343
MonthlyCharges,75.75,28.45,18.5,59.22,79.15,97.1,128.0,-0.469,-0.494
TotalChargesHistorical,2380.16,1732.78,0.0,926.28,2064.92,3509.83,8852.06,0.757,-0.051
CustomerLifetimeValue,2179.44,910.55,150.0,1424.61,2242.33,2896.05,4540.35,-0.068,-0.891
